{
	"info": {
		"_postman_id": "b9521459-2d8f-4315-af52-5c98006f1e4f",
		"name": "Auth",
		"schema": "https://schema.getpostman.com/json/collection/v2.1.0/collection.json",
		"_exporter_id": "19662909"
	},
	"item": [
		{
			"name": "Tokens",
			"request": {
				"method": "POST",
				"header": [
					{
						"key": "Accept",
						"value": "application/json",
						"type": "text"
					},
					{
						"key": "Content-Type",
						"value": "application/json",
						"type": "text"
					}
				],
				"body": {
					"mode": "raw",
					"raw": "{\"access_key\":\"749a793d-aed2-409e-834d-26aa47720a47\",\n            \"secret_key\":\"fTPFsltDFignONi396BUCQ5_aTzFkLl2rslC30YN\"}"
				},
				"url": {
					"raw": "https://api-discover.corestack.io/v1/auth/tokens",
					"protocol": "https",
					"host": [
						"api-discover",
						"corestack",
						"io"
					],
					"path": [
						"v1",
						"auth",
						"tokens"
					],
					"query": [
						{
							"key": "\"Accept",
							"value": null,
							"disabled": true
						}
					]
				}
			},
			"response": []
		}
	]
}