{
	"info": {
		"_postman_id": "0398f195-2f2d-473f-b923-2559e53c205b",
		"name": "budget",
		"schema": "https://schema.getpostman.com/json/collection/v2.1.0/collection.json",
		"_exporter_id": "19662909"
	},
	"item": [
		{
			"name": "budget_get",
			"request": {
				"method": "POST",
				"header": [
					{
						"key": "X-Auth-User",
						"value": "ed_accountadmin",
						"type": "text"
					},
					{
						"key": "X-Auth-Token",
						"value": "528fbd22-c60b-4acb-bfb8-8706d361d64c",
						"type": "text"
					},
					{
						"key": "Accept",
						"value": "application/json",
						"type": "text"
					},
					{
						"key": "Content",
						"value": "application/json",
						"type": "text"
					}
				],
				"body": {
					"mode": "raw",
					"raw": "{\n\n\"filter\": {\n\n\"tenants\": [\"5e81acc0a6083s4091826e47d\"],\n\n\"clouds\": [\"AWS\"],\n\n\"cloud_accounts\": []\n\n},\n\n\"currency\": \"USD\",\n\n\"configuration_type\": \"actual\",\n\n\"start_date\": \"2022-05-01T00:00:00.000Z\",\n\n\"end_date\": \"2022-05-30T00:00:00.000Z\"\n\n}",
					"options": {
						"raw": {
							"language": "json"
						}
					}
				},
				"url": {
					"raw": "https://apidev2.corestack.io/cost/executive_dashboard/budget_drift",
					"protocol": "https",
					"host": [
						"apidev2",
						"corestack",
						"io"
					],
					"path": [
						"cost",
						"executive_dashboard",
						"budget_drift"
					],
					"query": [
						{
							"key": "limit",
							"value": "1",
							"disabled": true
						},
						{
							"key": "order",
							"value": "asc",
							"disabled": true
						}
					]
				}
			},
			"response": []
		}
	]
}