{
	"info": {
		"_postman_id": "c6ee73e1-c9f5-49d8-b140-2c73e3c77909",
		"name": "Cloud Spend",
		"schema": "https://schema.getpostman.com/json/collection/v2.1.0/collection.json",
		"_exporter_id": "19662909"
	},
	"item": [
		{
			"name": "Total Cost Of Cloud",
			"request": {
				"method": "PUT",
				"header": [
					{
						"key": "Accept",
						"value": "application/json",
						"type": "text"
					},
					{
						"key": "Content-Type",
						"value": "application/json",
						"type": "text"
					},
					{
						"key": "X-Auth-User",
						"value": "ed_accountadmin",
						"type": "text"
					},
					{
						"key": "X-Auth-Token",
						"value": "6c513795-499d-4743-807d-48f0648ed00c",
						"type": "text"
					}
				],
				"body": {
					"mode": "raw",
					"raw": "{}"
				},
				"url": {
					"raw": "https://apidev2.corestack.io/cost/posture/service_type",
					"protocol": "https",
					"host": [
						"apidev2",
						"corestack",
						"io"
					],
					"path": [
						"cost",
						"posture",
						"service_type"
					]
				}
			},
			"response": []
		},
		{
			"name": "percentage cloude_spend",
			"request": {
				"method": "PUT",
				"header": [
					{
						"key": "Acc",
						"value": "application/json",
						"type": "text"
					},
					{
						"key": "Content-Type",
						"value": "application/json",
						"type": "text"
					},
					{
						"key": "X-Auth-User",
						"value": "ed_accountadmin",
						"type": "text"
					},
					{
						"key": "X-Auth-Token",
						"value": "528fbd22-c60b-4acb-bfb8-8706d361d64c",
						"type": "text"
					},
					{
						"key": "cloud_account_id",
						"value": "623c1f45c0e242d6790a2ca2",
						"type": "text",
						"disabled": true
					}
				],
				"body": {
					"mode": "raw",
					"raw": "{}"
				},
				"url": {
					"raw": "https://apidev2.corestack.io/cost/posture/service_type",
					"protocol": "https",
					"host": [
						"apidev2",
						"corestack",
						"io"
					],
					"path": [
						"cost",
						"posture",
						"service_type"
					]
				}
			},
			"response": []
		},
		{
			"name": "Tenants",
			"request": {
				"method": "GET",
				"header": [
					{
						"key": "Acc",
						"value": "application/json",
						"type": "text"
					},
					{
						"key": "Content-Type",
						"value": "application/json",
						"type": "text"
					},
					{
						"key": "X-Auth-User",
						"value": "saravanan.ak",
						"type": "text"
					},
					{
						"key": "X-Auth-Token",
						"value": "f0b1fdb8-1d5d-4597-9b10-e53269bb314f",
						"type": "text"
					}
				],
				"url": {
					"raw": "https://api-discover.corestack.io/tenants",
					"protocol": "https",
					"host": [
						"api-discover",
						"corestack",
						"io"
					],
					"path": [
						"tenants"
					]
				}
			},
			"response": []
		},
		{
			"name": "Cost Saving Tenants",
			"request": {
				"method": "PUT",
				"header": [
					{
						"key": "Accept",
						"value": "application/json",
						"type": "text"
					},
					{
						"key": "Content-Type",
						"value": "application/json",
						"type": "text"
					},
					{
						"key": "X-Auth-User",
						"value": "saravanan.ak",
						"type": "text"
					},
					{
						"key": "X-Auth-Token",
						"value": "f0b1fdb8-1d5d-4597-9b10-e53269bb314f",
						"type": "text"
					}
				],
				"body": {
					"mode": "raw",
					"raw": "{  \n    \"service_name\":\"AWS\"\n\n}"
				},
				"url": {
					"raw": "https://api-discover.corestack.io/cost/cost_savings/tenants/visibility/603fe83a24bcbf3b52a33379",
					"protocol": "https",
					"host": [
						"api-discover",
						"corestack",
						"io"
					],
					"path": [
						"cost",
						"cost_savings",
						"tenants",
						"visibility",
						"603fe83a24bcbf3b52a33379"
					]
				}
			},
			"response": []
		},
		{
			"name": "Cost Savings Accounts",
			"request": {
				"method": "PUT",
				"header": [
					{
						"key": "Accept",
						"value": "application/json",
						"type": "text"
					},
					{
						"key": "Content-Type",
						"value": "application/json",
						"type": "text"
					},
					{
						"key": "X-Auth-User",
						"value": "saravanan.ak",
						"type": "text"
					},
					{
						"key": "X-Auth-Token",
						"value": "7992c078-1cc1-4406-af24-f74b57c31c1a",
						"type": "text"
					}
				],
				"body": {
					"mode": "raw",
					"raw": "{  \n  \"filter\": {\n       \"cloud\": [\n      \"AWS\"\n    ] \n  },\n  \"currency\": \"USD\"\n}"
				},
				"url": {
					"raw": "https://api-discover.corestack.io/cost/cost_savings/accounts",
					"protocol": "https",
					"host": [
						"api-discover",
						"corestack",
						"io"
					],
					"path": [
						"cost",
						"cost_savings",
						"accounts"
					]
				}
			},
			"response": []
		},
		{
			"name": "My Cloud Cost for AWS",
			"request": {
				"method": "POST",
				"header": [
					{
						"key": "accept",
						"value": "application/json",
						"type": "text"
					},
					{
						"key": "Content-Type",
						"value": "application/json",
						"type": "text"
					},
					{
						"key": "X-Auth-User",
						"value": "ed_accountadmin",
						"type": "text"
					},
					{
						"key": "X-Auth-Token",
						"value": "091f9c38-456c-42a3-9664-42f3e49c8177",
						"type": "text"
					}
				],
				"body": {
					"mode": "raw",
					"raw": "{\n  \"currency\": \"USD\",\n  \"granularity\": \"day\",\n  \"filter\": {\n             \"tenants\": [],\n             \"clouds\": [\"OCI\"],\n             \"cloud_accounts\": []\n   },\n  \"start_date\": \"2022-01-01T00:00:00.000Z\",\n  \"end_date\": \"2022-05-31T00:00:00.000Z\"\n}"
				},
				"url": {
					"raw": "https://apidev2.corestack.io/cost/executive_dashboard/spend-by-cloud",
					"protocol": "https",
					"host": [
						"apidev2",
						"corestack",
						"io"
					],
					"path": [
						"cost",
						"executive_dashboard",
						"spend-by-cloud"
					]
				}
			},
			"response": []
		},
		{
			"name": "Spend Trends Acress Cloud",
			"request": {
				"method": "POST",
				"header": [
					{
						"key": "accept",
						"value": "application/json",
						"type": "text"
					},
					{
						"key": "Content-Type",
						"value": "application/json",
						"type": "text"
					},
					{
						"key": "X-Auth-User",
						"value": "saravanan.ak",
						"type": "text"
					},
					{
						"key": "X-Auth-Token",
						"value": "92d52969-c8d4-4c5e-b015-4e782c6b5a2e",
						"type": "text"
					}
				],
				"body": {
					"mode": "raw",
					"raw": "{\n  \"filter\": {\n    \"tenants\": [],\n    \"clouds\": [],\n    \"cloud_accounts\": []      \n  },\n  \"currency\": \"USD\",\n  \"granularity\": \"day\",\n  \"start_date\": \"2022-05-01T00:00:00.000Z\",\n  \"end_date\": \"2022-05-31T00:00:00.000Z\"\n}"
				},
				"url": {
					"raw": "https://api-discover.corestack.io/cost/executive_dashboard/cost_trend_by_cloud",
					"protocol": "https",
					"host": [
						"api-discover",
						"corestack",
						"io"
					],
					"path": [
						"cost",
						"executive_dashboard",
						"cost_trend_by_cloud"
					]
				}
			},
			"response": []
		},
		{
			"name": "Spend Across Various Category",
			"request": {
				"method": "POST",
				"header": [
					{
						"key": "accept",
						"value": "application/json",
						"type": "text"
					},
					{
						"key": "Content-Type",
						"value": "application/json",
						"type": "text"
					},
					{
						"key": "X-Auth-User",
						"value": "saravanan.ak",
						"type": "text"
					},
					{
						"key": "X-Auth-Token",
						"value": "d2a61b30-5b0d-48f4-8902-7f851526bcb3",
						"type": "text"
					}
				],
				"body": {
					"mode": "raw",
					"raw": "{\n  \"filter\": {\n    \"tenants\": [],\n    \"clouds\": [],\n    \"cloud_accounts\": []      \n  },\n  \"currency\": \"USD\",\n  \"start_date\": \"2022-05-01T00:00:00.000Z\",\n  \"end_date\": \"2022-05-31T00:00:00.000Z\"\n}"
				},
				"url": {
					"raw": "https://api-discover.corestack.io/cost/executive_dashboard/spend_by_cloud_resource_category",
					"protocol": "https",
					"host": [
						"api-discover",
						"corestack",
						"io"
					],
					"path": [
						"cost",
						"executive_dashboard",
						"spend_by_cloud_resource_category"
					]
				}
			},
			"response": []
		},
		{
			"name": "Spending Resource for This Month",
			"request": {
				"method": "POST",
				"header": [
					{
						"key": "accept",
						"value": "application/json",
						"type": "text"
					},
					{
						"key": "Content-Type",
						"value": "application/json",
						"type": "text"
					},
					{
						"key": "X-Auth-User",
						"value": "ed_accountadmin",
						"type": "text"
					},
					{
						"key": "X-Auth-Token",
						"value": "d2a61b30-5b0d-48f4-8902-7f851526bcb3",
						"type": "text"
					}
				],
				"body": {
					"mode": "raw",
					"raw": "{\n  \"filter\": {\n    \"tenants\": [],\n    \"clouds\": [],\n    \"cloud_accounts\": []      \n  },\n  \"currency\": \"USD\",\n  \"start_date\": \"2022-05-01T00:00:00.000Z\",\n  \"end_date\": \"2022-05-31T00:00:00.000Z\"\n}"
				},
				"url": {
					"raw": "https://apidev2.corestack.io/cost/executive_dashboard/spend_by_cloud_resource_category",
					"protocol": "https",
					"host": [
						"apidev2",
						"corestack",
						"io"
					],
					"path": [
						"cost",
						"executive_dashboard",
						"spend_by_cloud_resource_category"
					]
				}
			},
			"response": []
		},
		{
			"name": "Next Month Cloud Cost",
			"request": {
				"method": "POST",
				"header": [
					{
						"key": "accept",
						"value": "application/json",
						"type": "text"
					},
					{
						"key": "Content-Type",
						"value": "application/json",
						"type": "text"
					},
					{
						"key": "X-Auth-User",
						"value": "ed_accountadmin",
						"type": "text"
					},
					{
						"key": "X-Auth-Token",
						"value": "92d52969-c8d4-4c5e-b015-4e782c6b5a2e",
						"type": "text"
					}
				],
				"body": {
					"mode": "raw",
					"raw": "{\n  \"filter\": {\n    \"tenants\": [],\n    \"clouds\": [],\n    \"cloud_accounts\": []      \n  },\n  \"currency\": \"USD\",\n  \"granularity\": \"day\",\n  \"start_date\": \"2022-02-21T15:37:56.444Z\",\n  \"end_date\": \"2022-03-21T15:37:56.444Z\"\n}"
				},
				"url": {
					"raw": "https://apidev2.corestack.io/cost/executive_dashboard/cloud_forecaster_for_six_months",
					"protocol": "https",
					"host": [
						"apidev2",
						"corestack",
						"io"
					],
					"path": [
						"cost",
						"executive_dashboard",
						"cloud_forecaster_for_six_months"
					]
				}
			},
			"response": []
		},
		{
			"name": "CloudSpend_for_aws_gcp",
			"request": {
				"method": "GET",
				"header": [
					{
						"key": "Accept",
						"value": "application/json",
						"type": "text"
					},
					{
						"key": "Content-Type",
						"value": "application/json",
						"type": "text"
					},
					{
						"key": "X-Auth-User",
						"value": "finops_account",
						"type": "text"
					},
					{
						"key": "X-Auth-Token",
						"value": "e1dc0e20-47b1-4181-b86f-85cfdcbe730f",
						"type": "text"
					}
				],
				"url": {
					"raw": "https://apidev2.corestack.io/users/filter-options",
					"protocol": "https",
					"host": [
						"apidev2",
						"corestack",
						"io"
					],
					"path": [
						"users",
						"filter-options"
					],
					"query": [
						{
							"key": "Accept",
							"value": "application/json",
							"disabled": true
						},
						{
							"key": "Content-Type",
							"value": "application/json",
							"disabled": true
						},
						{
							"key": "X-Auth-User",
							"value": "ed_accountadmin",
							"disabled": true
						},
						{
							"key": "X-Auth-Token",
							"value": "c91a0139-29a4-4ada-8be1-c29f6e24484b",
							"disabled": true
						}
					]
				}
			},
			"response": []
		},
		{
			"name": "Tenent_id_Cloud_Spend",
			"request": {
				"method": "PUT",
				"header": [
					{
						"key": "X-Auth-User",
						"value": "ed_accountadmin",
						"type": "text"
					},
					{
						"key": "X-Auth-Token",
						"value": "a0dbce66-e3ed-48ea-979c-614046f370c7",
						"type": "text"
					}
				],
				"body": {
					"mode": "raw",
					"raw": "{\n  \"cloud_account_id\": [\"61f6cd72abd0dd301b3a3f67\"],\n  \"date_filter\": [\"2022-02-05\"],\n  \"currency\": \"USD\",\n  \"tenant_id\": \"5e81acc0a60834091826e47d\",\n  \"service_name\": \"AWS\",\n  \"identifier\": \"ProductCategory\"\n  }",
					"options": {
						"raw": {
							"language": "json"
						}
					}
				},
				"url": {
					"raw": "https://apidev2.corestack.io/cost/posture/account_or_tenant/visibility/cloud_usage_summary",
					"protocol": "https",
					"host": [
						"apidev2",
						"corestack",
						"io"
					],
					"path": [
						"cost",
						"posture",
						"account_or_tenant",
						"visibility",
						"cloud_usage_summary"
					]
				}
			},
			"response": []
		}
	]
}