{
	"info": {
		"_postman_id": "58400bb5-ce66-40a6-944e-227e04acd026",
		"name": "Forecast",
		"schema": "https://schema.getpostman.com/json/collection/v2.1.0/collection.json",
		"_exporter_id": "19662909"
	},
	"item": [
		{
			"name": "Forecast_For_Aws_Gcp......",
			"request": {
				"method": "POST",
				"header": [
					{
						"key": "Accept",
						"value": "application/json",
						"type": "text"
					},
					{
						"key": "Content-Type",
						"value": "application/json",
						"type": "text"
					},
					{
						"key": "X-Auth-User",
						"value": "ed_accountadmin",
						"type": "text"
					},
					{
						"key": "X-Auth-Token",
						"value": "2f283a91-42bd-4472-a03a-23719b106b48",
						"type": "text"
					}
				],
				"body": {
					"mode": "raw",
					"raw": "{\n  \"filter\": {\n    \"tenants\": [],\n    \"clouds\": [\"AWS\"],\n    \"cloud_accounts\": []},\n  \"currency\": \"USD\",\n  \"start_date\": \"2000-01-01T05:41:11.362Z\",\n  \"time_zone\": \"GMT\"\n}"
				},
				"url": {
					"raw": "https://apidev2.corestack.io/cost/executive_dashboard/cloud_forecaster_for_six_months",
					"protocol": "https",
					"host": [
						"apidev2",
						"corestack",
						"io"
					],
					"path": [
						"cost",
						"executive_dashboard",
						"cloud_forecaster_for_six_months"
					]
				}
			},
			"response": []
		}
	]
}