{
	"info": {
		"_postman_id": "1e8b87bd-16fd-48c6-a873-361e8e06d9d2",
		"name": "Optimize",
		"schema": "https://schema.getpostman.com/json/collection/v2.1.0/collection.json",
		"_exporter_id": "19662909"
	},
	"item": [
		{
			"name": "Cost Optimizer for Current,LastMonth",
			"protocolProfileBehavior": {
				"disableBodyPruning": true
			},
			"request": {
				"method": "GET",
				"header": [
					{
						"key": "Acc",
						"value": "application/json",
						"type": "text"
					},
					{
						"key": "Content-Type",
						"value": "application/json",
						"type": "text"
					},
					{
						"key": "X-Auth-User",
						"value": "ed_accountadmin",
						"type": "text"
					},
					{
						"key": "X-Auth-Token",
						"value": "0bf4f0f0-42e4-4bf0-9e42-e249e9023e72",
						"type": "text"
					}
				],
				"body": {
					"mode": "raw",
					"raw": "{}"
				},
				"url": {
					"raw": "https://apidev2.corestack.io/cost/cost_savings/cost_saved_recommendation?currency=USD",
					"protocol": "https",
					"host": [
						"apidev2",
						"corestack",
						"io"
					],
					"path": [
						"cost",
						"cost_savings",
						"cost_saved_recommendation"
					],
					"query": [
						{
							"key": "currency",
							"value": "USD"
						}
					]
				}
			},
			"response": []
		}
	]
}