{
	"info": {
		"_postman_id": "820713e5-e880-47b5-9e09-f71513707cc7",
		"name": "Rasa",
		"schema": "https://schema.getpostman.com/json/collection/v2.1.0/collection.json",
		"_exporter_id": "19662909"
	},
	"item": [
		{
			"name": "Webhooks",
			"request": {
				"method": "POST",
				"header": [
					{
						"key": "Content-Type",
						"value": "application/json",
						"type": "text"
					},
					{
						"key": "x-corestack-uid",
						"value": "ed_accountadmin",
						"type": "text"
					},
					{
						"key": "x-corestack-token",
						"value": "6a6d2f6f-f27f-4528-84f0-d16e31dd094e",
						"type": "text"
					}
				],
				"body": {
					"mode": "raw",
					"raw": " {\n            \"sender\": \"test_user\",\n            \"text\": \"What is the forecast for may month\"\n }",
					"options": {
						"raw": {
							"language": "json"
						}
					}
				},
				"url": {
					"raw": "https://apidev-rasa.corestack.io:5005/webhooks/myio/webhook",
					"protocol": "https",
					"host": [
						"apidev-rasa",
						"corestack",
						"io"
					],
					"port": "5005",
					"path": [
						"webhooks",
						"myio",
						"webhook"
					]
				}
			},
			"response": []
		},
		{
			"name": "Webhooks local",
			"request": {
				"method": "POST",
				"header": [
					{
						"key": "Content-Type",
						"value": "application/json",
						"type": "text"
					},
					{
						"key": "x-corestack-uid",
						"value": "finops_account",
						"type": "text"
					},
					{
						"key": "x-corestack-token",
						"value": "d49bb22f-047b-41e2-be83-72fa55f0a224",
						"type": "text"
					}
				],
				"body": {
					"mode": "raw",
					"raw": " {\n            \"sender\": \"test_user\",\n            \"text\": \"what is my cost for aws in MAY month\"    \n }",
					"options": {
						"raw": {
							"language": "json"
						}
					}
				},
				"url": {
					"raw": "http://localhost:5005/webhooks/myio/webhook",
					"protocol": "http",
					"host": [
						"localhost"
					],
					"port": "5005",
					"path": [
						"webhooks",
						"myio",
						"webhook"
					]
				}
			},
			"response": []
		},
		{
			"name": "docker_dev",
			"request": {
				"method": "POST",
				"header": [
					{
						"key": "Content-Type",
						"value": "application/json",
						"type": "text"
					},
					{
						"key": "x-corestack-uid",
						"value": "ed_accountadmin",
						"type": "text"
					},
					{
						"key": "x-corestack-token",
						"value": "6a6d2f6f-f27f-4528-84f0-d16e31dd094e",
						"type": "text"
					}
				],
				"body": {
					"mode": "raw",
					"raw": " {\n            \"sender\": \"test_user\",\n            \"text\": \"what is my forecast\"    \n }"
				},
				"url": {
					"raw": "https://35.208.115.60:6005/webhooks/myio/webhook",
					"protocol": "https",
					"host": [
						"35",
						"208",
						"115",
						"60"
					],
					"port": "6005",
					"path": [
						"webhooks",
						"myio",
						"webhook"
					],
					"query": [
						{
							"key": "Content-Type",
							"value": "application/json",
							"disabled": true
						},
						{
							"key": "x-corestack-uid",
							"value": null,
							"disabled": true
						},
						{
							"key": "x-corestack-token",
							"value": null,
							"disabled": true
						}
					]
				}
			},
			"response": []
		}
	]
}